species label;genus label;family label;species;genus;family;classid
0;0;0;Unxia camphorata L.f.;Unxia;Compositae;102689
1;1;1;Connarus fasciculatus (DC.) Planch.;Connarus;Connaraceae;104587
2;2;2;Jacquemontia tamnifolia (L.) Griseb.;Jacquemontia;Convolvulaceae;105927
3;3;2;Maripa glabra Choisy;Maripa;Convolvulaceae;105951
4;3;2;Maripa violacea (Aubl.) Ooststr. ex Lanj. & Uittien;Maripa;Convolvulaceae;105965
5;4;2;Merremia umbellata (L.) Hallier f.;Merremia;Convolvulaceae;106023
6;5;3;Costus arabicus L.;Costus;Costaceae;106387
7;5;3;Costus claviger Benoist;Costus;Costaceae;106398
8;5;3;Costus erythrothyrsus Loes.;Costus;Costaceae;106413
9;5;3;Costus scaber Ruiz & Pav.;Costus;Costaceae;106461
10;5;3;Costus spiralis (Jacq.) Roscoe;Costus;Costaceae;106466
11;6;4;Bryophyllum pinnatum (Lam.) Oken;Bryophyllum;Crassulaceae;106690
12;7;5;Gurania reticulata Cogn.;Gurania;Cucurbitaceae;108581
13;8;5;Melothria pendula L.;Melothria;Cucurbitaceae;108743
14;9;6;Cyathea microdonta (Desv.) Domin;Cyathea;Cyatheaceae;109922
15;9;6;Cyathea pungens (Willd.) Domin;Cyathea;Cyatheaceae;109976
16;9;6;Cyathea surinamensis (Miq.) Domin;Cyathea;Cyatheaceae;110027
17;10;7;Evodianthus funifer (Poit.) Lindm.;Evodianthus;Cyclanthaceae;110432
18;11;8;Hymenocallis tubiflora Salisb.;Hymenocallis;Amaryllidaceae;11438
19;12;9;Pteridium arachnoideum (Kaulf.) Maxon;Pteridium;Dennstaedtiaceae;116853
20;13;10;Tapura guianensis Aubl.;Tapura;Dichapetalaceae;117064
21;14;11;Davilla kunthii A.St.-Hil.;Davilla;Dilleniaceae;117166
22;15;12;Cyclodium meniscioides (Willd.) C. Presl;Cyclodium;Dryopteridaceae;118800
23;16;12;Olfersia cervina (L.) Kunze;Olfersia;Dryopteridaceae;119986
24;17;12;Polybotrya caudata Kunze;Polybotrya;Dryopteridaceae;120031
25;17;12;Polybotrya osmundacea Humb. & Bonpl. ex Willd.;Polybotrya;Dryopteridaceae;120045
26;18;13;Diospyros capreifolia Mart. ex Hiern;Diospyros;Ebenaceae;120497
27;18;13;Diospyros carbonaria Benoist;Diospyros;Ebenaceae;120499
28;18;13;Diospyros cayennensis A.DC.;Diospyros;Ebenaceae;120508
29;18;13;Diospyros dichroa Sandwith;Diospyros;Ebenaceae;120562
30;18;13;Diospyros discolor Willd.;Diospyros;Ebenaceae;120569
31;18;13;Diospyros lissocarpoides Sandwith;Diospyros;Ebenaceae;120745
32;18;13;Diospyros matheriana A.C.Sm.;Diospyros;Ebenaceae;120786
33;18;13;Diospyros sericea A.DC.;Diospyros;Ebenaceae;120980
34;18;13;Diospyros tetrandra Hiern;Diospyros;Ebenaceae;121037
35;18;13;Diospyros vestita Benoist;Diospyros;Ebenaceae;121088
36;19;14;Sloanea eichleri K.Schum.;Sloanea;Elaeocarpaceae;121825
37;19;14;Sloanea grandiflora Sm.;Sloanea;Elaeocarpaceae;121836
38;19;14;Sloanea guianensis (Aubl.) Benth.;Sloanea;Elaeocarpaceae;121841
39;19;14;Sloanea latifolia (Rich.) K.Schum.;Sloanea;Elaeocarpaceae;121854
40;20;15;Anacardium occidentale L.;Anacardium;Anacardiaceae;12254
41;21;16;Cavendishia callista Donn.Sm.;Cavendishia;Ericaceae;122564
42;22;15;Mangifera indica L.;Mangifera;Anacardiaceae;12518
43;23;16;Sphyrospermum cordifolium Benth.;Sphyrospermum;Ericaceae;125412
44;24;17;Syngonanthus caulescens (Poir.) Ruhland;Syngonanthus;Eriocaulaceae;126895
45;25;17;Tonina fluviatilis Aubl.;Tonina;Eriocaulaceae;127007
46;26;18;Erythroxylum amazonicum Peyr.;Erythroxylum;Erythroxylaceae;127020
47;26;18;Erythroxylum fimbriatum Peyr.;Erythroxylum;Erythroxylaceae;127097
48;26;18;Erythroxylum macrophyllum Cav.;Erythroxylum;Erythroxylaceae;127151
49;26;18;Erythroxylum squamatum Sw.;Erythroxylum;Erythroxylaceae;127242
50;27;19;Conceveiba martiana Baill.;Conceveiba;Euphorbiaceae;128664
51;28;15;Spondias mombin L.;Spondias;Anacardiaceae;12910
52;29;15;Tapirira guianensis Aubl.;Tapirira;Anacardiaceae;12922
53;29;15;Tapirira obtusa (Benth.) J.D.Mitch.;Tapirira;Anacardiaceae;12924
54;30;15;Thyrsodium guianense Sagot ex Marchand;Thyrsodium;Anacardiaceae;12932
55;31;19;Croton matourensis Aubl.;Croton;Euphorbiaceae;129339
56;30;15;Thyrsodium spruceanum Benth.;Thyrsodium;Anacardiaceae;12937
57;31;19;Croton nuntians Croizat;Croton;Euphorbiaceae;129442
58;31;19;Croton schiedeanus Schltdl.;Croton;Euphorbiaceae;129645
59;32;19;Dalechampia tiliifolia Lam.;Dalechampia;Euphorbiaceae;130017
60;33;19;Euphorbia cotinifolia L.;Euphorbia;Euphorbiaceae;130657
61;33;19;Euphorbia heterophylla L.;Euphorbia;Euphorbiaceae;131079
62;33;19;Euphorbia hyssopifolia L.;Euphorbia;Euphorbiaceae;131128
63;33;19;Euphorbia prostrata Aiton;Euphorbia;Euphorbiaceae;131736
64;33;19;Euphorbia thymifolia L.;Euphorbia;Euphorbiaceae;132107
65;33;19;Euphorbia tithymaloides L.;Euphorbia;Euphorbiaceae;132113
66;34;19;Glycydendron amazonicum Ducke;Glycydendron;Euphorbiaceae;132325
67;35;20;Anaxagorea dolichocarpa Sprague & Sandwith;Anaxagorea;Annonaceae;13239
68;36;19;Hura crepitans L.;Hura;Euphorbiaceae;132431
69;37;19;Jatropha curcas L.;Jatropha;Euphorbiaceae;132476
70;37;19;Jatropha gossypiifolia L.;Jatropha;Euphorbiaceae;132501
71;38;19;Mabea subsessilis Pax & K.Hoffm.;Mabea;Euphorbiaceae;132735
72;39;20;Annona ambotay Aubl.;Annona;Annonaceae;13276
73;40;19;Manihot baccata Allem;Manihot;Euphorbiaceae;133181
74;39;20;Annona foetida Mart.;Annona;Annonaceae;13325
75;41;19;Maprounea guianensis Aubl.;Maprounea;Euphorbiaceae;133287
76;39;20;Annona glabra L.;Annona;Annonaceae;13330
77;39;20;Annona haematantha Miq.;Annona;Annonaceae;13336
78;42;19;Omphalea diandra L.;Omphalea;Euphorbiaceae;133414
79;43;19;Ricinus communis L.;Ricinus;Euphorbiaceae;133595
80;44;19;Sagotia racemosa Baill.;Sagotia;Euphorbiaceae;133604
81;45;19;Sandwithia guyanensis Lanj.;Sandwithia;Euphorbiaceae;133607
82;46;19;Sapium glandulosum (L.) Morong;Sapium;Euphorbiaceae;133617
83;46;19;Sapium paucinervium Hemsl.;Sapium;Euphorbiaceae;133630
84;39;20;Annona muricata L.;Annona;Annonaceae;13370
85;39;20;Annona neoelliptica H.Rainer & Maas;Annona;Annonaceae;13376
86;39;20;Annona paludosa Aubl.;Annona;Annonaceae;13390
87;39;20;Annona prevostiae H.Rainer;Annona;Annonaceae;13401
88;39;20;Annona sericea Dunal;Annona;Annonaceae;13420
89;47;21;Chelonanthus alatus (Aubl.) Pulle;Chelonanthus;Gentianaceae;135479
90;48;20;Cremastosperma brevipes (DC. ex Dunal) R.E.Fr.;Cremastosperma;Annonaceae;13597
91;49;20;Cymbopetalum brasiliense (Vell.) Benth. ex Baill.;Cymbopetalum;Annonaceae;13656
92;50;21;Potalia amara Aubl.;Potalia;Gentianaceae;136761
93;51;21;Tachia guianensis Aubl.;Tachia;Gentianaceae;137051
94;52;21;Voyria caerulea Aubl.;Voyria;Gentianaceae;137122
95;52;21;Voyria rosea Aubl.;Voyria;Gentianaceae;137133
96;53;20;Duguetia calycina Benoist;Duguetia;Annonaceae;13796
97;53;20;Duguetia eximia Diels;Duguetia;Annonaceae;13811
98;53;20;Duguetia inconspicua Sagot;Duguetia;Annonaceae;13820
99;54;22;Chrysothemis pulchella (Donn ex Sims) Decne.;Chrysothemis;Gesneriaceae;138662
100;53;20;Duguetia surinamensis R.E.Fr.;Duguetia;Annonaceae;13870
101;53;20;Duguetia yeshidan Sandwith;Duguetia;Annonaceae;13879
102;55;20;Ephedranthus guianensis R.E.Fr.;Ephedranthus;Annonaceae;13907
103;56;22;Lembocarpus amoenus Leeuwenb.;Lembocarpus;Gesneriaceae;140367
104;57;20;Fusaea longifolia (Aubl.) Saff.;Fusaea;Annonaceae;14044
105;58;22;Sinningia incarnata (Aubl.) D.L.Denham;Sinningia;Gesneriaceae;141068
106;59;23;Dicranopteris flexuosa (Schrad.) Underw.;Dicranopteris;Gleicheniaceae;141332
107;59;23;Dicranopteris pectinata (Willd.) Underw.;Dicranopteris;Gleicheniaceae;141336
108;60;24;Gnetum urens (Aubl.) Blume;Gnetum;Gnetaceae;141508
109;61;25;Goupia glabra Aubl.;Goupia;Goupiaceae;141856
110;62;26;Heliconia chartacea Lane ex Barreiros;Heliconia;Heliconiaceae;142550
111;62;26;Heliconia densiflora Verl.;Heliconia;Heliconiaceae;142564
112;62;26;Heliconia hirsuta L.f.;Heliconia;Heliconiaceae;142584
113;62;26;Heliconia pendula Wawra;Heliconia;Heliconiaceae;142646
114;62;26;Heliconia psittacorum L.f.;Heliconia;Heliconiaceae;142653
115;62;26;Heliconia richardiana Miq.;Heliconia;Heliconiaceae;142661
116;63;27;Hernandia guianensis Aubl.;Hernandia;Hernandiaceae;142736
117;64;27;Sparattanthelium uncigerum (Meisn.) Kubitzki;Sparattanthelium;Hernandiaceae;142779
118;65;20;Guatteria guianensis (Aubl.) R.E.Fr.;Guatteria;Annonaceae;14287
119;65;20;Guatteria intermedia Scharf;Guatteria;Annonaceae;14294
120;65;20;Guatteria liesneri D.M.Johnson & N.A.Murray;Guatteria;Annonaceae;14314
121;66;28;Hymenophyllum decurrens (Jacq.) Sw.;Hymenophyllum;Hymenophyllaceae;143466
122;66;28;Hymenophyllum hirsutum (L.) Sw.;Hymenophyllum;Hymenophyllaceae;143496
123;65;20;Guatteria ouregou (Aubl.) Dunal;Guatteria;Annonaceae;14353
124;65;20;Guatteria pannosa Scharf & Maas;Guatteria;Annonaceae;14359
125;67;28;Trichomanes ankersii C. Parker ex Hook. & Grev.;Trichomanes;Hymenophyllaceae;143674
126;67;28;Trichomanes arbuscula Desv.;Trichomanes;Hymenophyllaceae;143676
127;67;28;Trichomanes crispum L.;Trichomanes;Hymenophyllaceae;143697
128;67;28;Trichomanes diversifrons (Bory) Mett. ex Sadeb.;Trichomanes;Hymenophyllaceae;143706
129;67;28;Trichomanes elegans Rich.;Trichomanes;Hymenophyllaceae;143710
130;67;28;Trichomanes krausii Hook. & Grev.;Trichomanes;Hymenophyllaceae;143731
131;67;28;Trichomanes pedicellatum Desv.;Trichomanes;Hymenophyllaceae;143749
132;67;28;Trichomanes pinnatum Hedw.;Trichomanes;Hymenophyllaceae;143755
133;67;28;Trichomanes punctatum Poir.;Trichomanes;Hymenophyllaceae;143758
134;67;28;Trichomanes trollii Bergdolt;Trichomanes;Hymenophyllaceae;143780
135;67;28;Trichomanes vittaria DC. ex Poir.;Trichomanes;Hymenophyllaceae;143783
136;65;20;Guatteria scandens Ducke;Guatteria;Annonaceae;14401
137;65;20;Guatteria schomburgkiana Mart.;Guatteria;Annonaceae;14402
138;68;29;Vismia cayennensis (Jacq.) Pers.;Vismia;Hypericaceae;144341
139;68;29;Vismia latifolia (Aubl.) Choisy;Vismia;Hypericaceae;144357
140;68;29;Vismia ramuliflora Miq.;Vismia;Hypericaceae;144377
141;68;29;Vismia sessilifolia (Aubl.) Choisy;Vismia;Hypericaceae;144384
142;69;30;Didymochlaena truncatula (Sw.) J. Sm.;Didymochlaena;Hypodematiaceae;144394
143;70;31;Emmotum fagifolium Desv. ex Ham.;Emmotum;Icacinaceae;144643
144;71;32;Cipura paludosa Aubl.;Cipura;Iridaceae;145020
145;72;32;Eleutherine bulbosa (Mill.) Urb.;Eleutherine;Iridaceae;145231
146;73;20;Oxandra asbeckii (Pulle) R.E.Fr.;Oxandra;Annonaceae;14741
147;73;20;Oxandra xylopioides Diels;Oxandra;Annonaceae;14766
148;74;33;Lacistema aggregatum (P.J.Bergius) Rusby;Lacistema;Lacistemataceae;148077
149;74;33;Lacistema grandifolium Schnizl.;Lacistema;Lacistemataceae;148080
150;74;33;Lacistema polystachyum Schnizl.;Lacistema;Lacistemataceae;148086
151;75;34;Aegiphila macrantha Ducke;Aegiphila;Lamiaceae;148220
152;75;34;Aegiphila villosa (Aubl.) J.F.Gmel.;Aegiphila;Lamiaceae;148291
153;76;34;Amasonia campestris (Aubl.) Moldenke;Amasonia;Lamiaceae;148446
154;77;34;Clerodendrum paniculatum L.;Clerodendrum;Lamiaceae;148977
155;78;34;Congea tomentosa Roxb.;Congea;Lamiaceae;149264
156;79;20;Pseudoxandra cuspidata Maas;Pseudoxandra;Annonaceae;14939
157;80;34;Gmelina philippensis Cham.;Gmelina;Lamiaceae;149682
158;81;34;Holmskioldia sanguinea Retz.;Holmskioldia;Lamiaceae;149919
159;82;34;Hyptis lanceolata Poir.;Hyptis;Lamiaceae;150135
160;83;20;Rollinia mucosa (Jacq.) Baill.;Rollinia;Annonaceae;15014
161;82;34;Hyptis mutabilis (Rich.) Briq.;Hyptis;Lamiaceae;150179
162;84;34;Marsypianthes chamaedrys (Vahl) Kuntze;Marsypianthes;Lamiaceae;150888
163;85;20;Trigynaea caudata (R.E. Fr.) R.E. Fr.;Trigynaea;Annonaceae;15089
164;85;20;Trigynaea duckei (R.E.Fr.) R.E.Fr.;Trigynaea;Annonaceae;15091
165;86;20;Unonopsis glaucopetala R.E.Fr.;Unonopsis;Annonaceae;15119
166;86;20;Unonopsis guatterioides (A.DC.) R.E.Fr.;Unonopsis;Annonaceae;15120
167;86;20;Unonopsis perrottetii (A. DC.) R.E. Fr.;Unonopsis;Annonaceae;15135
168;86;20;Unonopsis rufescens (Baill.) R.E. Fr.;Unonopsis;Annonaceae;15140
169;87;34;Ocimum campechianum Mill.;Ocimum;Lamiaceae;151469
170;86;20;Unonopsis stipitata Diels;Unonopsis;Annonaceae;15147
171;88;34;Orthosiphon aristatus (Blume) Miq.;Orthosiphon;Lamiaceae;151593
172;89;34;Plectranthus amboinicus (Lour.) Spreng.;Plectranthus;Lamiaceae;152143
173;90;20;Xylopia aromatica (Lam.) Mart.;Xylopia;Annonaceae;15318
174;90;20;Xylopia cayennensis Maas;Xylopia;Annonaceae;15330
175;90;20;Xylopia crinita R.E.Fr.;Xylopia;Annonaceae;15336
176;90;20;Xylopia frutescens Aubl.;Xylopia;Annonaceae;15355
177;90;20;Xylopia nitida Dunal;Xylopia;Annonaceae;15382
178;90;20;Xylopia surinamensis R.E. Fr.;Xylopia;Annonaceae;15409
179;91;34;Vitex orinocensis Kunth;Vitex;Lamiaceae;156069
180;92;35;Aiouea guianensis Aubl.;Aiouea;Lauraceae;156425
181;92;35;Aiouea longipetiolata van der Werff;Aiouea;Lauraceae;156430
182;92;35;Aiouea opaca van der Werff;Aiouea;Lauraceae;156435
183;93;35;Aniba citrifolia (Nees) Mez;Aniba;Lauraceae;156507
184;93;35;Aniba guianensis Aubl.;Aniba;Lauraceae;156516
185;93;35;Aniba kappleri Mez;Aniba;Lauraceae;156523
186;93;35;Aniba megaphylla Mez;Aniba;Lauraceae;156526
187;93;35;Aniba panurensis (Meisn.) Mez;Aniba;Lauraceae;156529
188;93;35;Aniba parviflora (Meisn.) Mez;Aniba;Lauraceae;156530
189;93;35;Aniba taubertiana Mez;Aniba;Lauraceae;156543
190;94;35;Endlicheria canescens Chanderbali;Endlicheria;Lauraceae;157810
191;94;35;Endlicheria punctulata (Mez) C.K.Allen;Endlicheria;Lauraceae;157841
192;94;35;Endlicheria pyriformis (Nees) Mez;Endlicheria;Lauraceae;157842
193;95;35;Kubitzkia mezii (Kosterm.) van der Werff;Kubitzkia;Lauraceae;157870
194;96;35;Licaria chrysophylla (Meisn.) Kosterm.;Licaria;Lauraceae;157894
195;96;35;Licaria martiniana (Mez) Kosterm.;Licaria;Lauraceae;157911
196;96;35;Licaria pachycarpa (Meisn.) Kosterm.;Licaria;Lauraceae;157917
197;97;35;Nectandra amazonum Nees;Nectandra;Lauraceae;158323
198;97;35;Nectandra cissiflora Nees;Nectandra;Lauraceae;158341
199;98;35;Ocotea amazonica (Meisn.) Mez;Ocotea;Lauraceae;158534
200;98;35;Ocotea argyrophylla Ducke;Ocotea;Lauraceae;158542
201;98;35;Ocotea cernua (Nees) Mez;Ocotea;Lauraceae;158592
202;98;35;Ocotea cinerea van der Werff;Ocotea;Lauraceae;158596
203;98;35;Ocotea cujumary Mart.;Ocotea;Lauraceae;158612
204;98;35;Ocotea diffusa van der Werff;Ocotea;Lauraceae;158629
205;98;35;Ocotea floribunda (Sw.) Mez;Ocotea;Lauraceae;158653
206;98;35;Ocotea glomerata (Nees) Mez;Ocotea;Lauraceae;158668
207;98;35;Ocotea leucoxylon (Sw.) Laness.;Ocotea;Lauraceae;158728
208;98;35;Ocotea longifolia Kunth;Ocotea;Lauraceae;158736
209;98;35;Ocotea nigra Benoist;Ocotea;Lauraceae;158784
210;98;35;Ocotea oblonga (Meisn.) Mez;Ocotea;Lauraceae;158793
211;98;35;Ocotea percurrens Vicent.;Ocotea;Lauraceae;158816
212;98;35;Ocotea puberula (Rich.) Nees;Ocotea;Lauraceae;158833
213;98;35;Ocotea scabrella van der Werff;Ocotea;Lauraceae;158866
214;98;35;Ocotea splendens (Meisn.) Baill.;Ocotea;Lauraceae;158884
215;98;35;Ocotea subterminalis van der Werff;Ocotea;Lauraceae;158894
216;99;35;Rhodostemonodaphne grandis (Mez) Rohwer;Rhodostemonodaphne;Lauraceae;159248
217;100;36;Couratari guianensis Aubl.;Couratari;Lecythidaceae;159434
218;100;36;Couratari multiflora (Sm.) Eyma;Couratari;Lecythidaceae;159437
219;100;36;Couratari stellata A.C.Sm.;Couratari;Lecythidaceae;159445
220;101;36;Eschweilera coriacea (DC.) S.A.Mori;Eschweilera;Lecythidaceae;159483
221;101;36;Eschweilera decolorans Sandwith;Eschweilera;Lecythidaceae;159486
222;101;36;Eschweilera grandiflora (Aubl.) Sandwith;Eschweilera;Lecythidaceae;159490
223;101;36;Eschweilera micrantha (O.Berg) Miers;Eschweilera;Lecythidaceae;159505
224;101;36;Eschweilera parviflora (Aubl.) Miers;Eschweilera;Lecythidaceae;159516
225;101;36;Eschweilera pedicellata (Rich.) S.A.Mori;Eschweilera;Lecythidaceae;159518
226;101;36;Eschweilera sagotiana Miers;Eschweilera;Lecythidaceae;159535
227;101;36;Eschweilera squamata S.A.Mori;Eschweilera;Lecythidaceae;159539
228;101;36;Eschweilera subglandulosa (Steud. ex O.Berg) Miers;Eschweilera;Lecythidaceae;159541
229;102;36;Gustavia augusta L.;Gustavia;Lecythidaceae;159581
230;102;36;Gustavia hexapetala (Aubl.) Sm.;Gustavia;Lecythidaceae;159597
231;103;36;Lecythis chartacea O.Berg;Lecythis;Lecythidaceae;159625
232;103;36;Lecythis corrugata Poit.;Lecythis;Lecythidaceae;159627
233;103;36;Lecythis holcogyne (Sandwith) S.A.Mori;Lecythis;Lecythidaceae;159629
234;103;36;Lecythis idatimon Aubl.;Lecythis;Lecythidaceae;159630
235;103;36;Lecythis persistens Sagot;Lecythis;Lecythidaceae;159637
236;103;36;Lecythis poiteaui O.Berg;Lecythis;Lecythidaceae;159640
237;103;36;Lecythis zabucajo Aubl.;Lecythis;Lecythidaceae;159647
238;104;37;Abarema gallorum Barneby & J.W.Grimes;Abarema;Leguminosae;159714
239;104;37;Abarema jupunba (Willd.) Britton & Killip;Abarema;Leguminosae;159719
240;105;37;Acacia mangium Willd.;Acacia;Leguminosae;160570
241;105;37;Acacia tenuifolia (L.) Willd.;Acacia;Leguminosae;161033
242;106;37;Alexa wachenheimii Benoist;Alexa;Leguminosae;162067
243;107;37;Bauhinia guianensis Aubl.;Bauhinia;Leguminosae;166135
244;108;37;Bocoa prouacensis Aubl.;Bocoa;Leguminosae;166405
245;109;37;Caesalpinia pulcherrima (L.) Sw.;Caesalpinia;Leguminosae;166822
246;110;37;Cajanus cajan (L.) Millsp.;Cajanus;Leguminosae;166869
247;111;37;Calliandra surinamensis Benth.;Calliandra;Leguminosae;167094
248;112;37;Cassia grandis L.f.;Cassia;Leguminosae;167503
249;112;37;Cassia spruceana Benth.;Cassia;Leguminosae;167549
250;113;37;Chamaecrista apoucouita (Aubl.) H.S.Irwin & Barneby;Chamaecrista;Leguminosae;167721
251;113;37;Chamaecrista desvauxii (Collad.) Killip;Chamaecrista;Leguminosae;167811
252;113;37;Chamaecrista diphylla (L.) Greene;Chamaecrista;Leguminosae;167813
253;113;37;Chamaecrista nictitans (L.) Moench;Chamaecrista;Leguminosae;167921
254;114;37;Clitoria sagotii Fantz;Clitoria;Leguminosae;168290
255;115;37;Crotalaria retusa L.;Crotalaria;Leguminosae;169293
256;116;37;Crudia bracteata Benth.;Crudia;Leguminosae;169457
257;116;37;Crudia oblonga Benth.;Crudia;Leguminosae;169479
258;116;37;Crudia tomentosa (Aubl.) J.F.Macbr.;Crudia;Leguminosae;169495
259;117;37;Cynometra hostmanniana Tul.;Cynometra;Leguminosae;169611
260;118;37;Dalbergia monetaria L.f.;Dalbergia;Leguminosae;169943
261;119;38;Eryngium foetidum L.;Eryngium;Apiaceae;17032
262;120;37;Dialium guianense (Aubl.) Sandwith;Dialium;Leguminosae;170879
263;121;37;Dicorynia guianensis Amshoff;Dicorynia;Leguminosae;170934
264;122;37;Dioclea guianensis Benth.;Dioclea;Leguminosae;171057
265;122;37;Dioclea macrocarpa Huber;Dioclea;Leguminosae;171067
266;123;37;Diplotropis purpurea (Rich.) Amshoff;Diplotropis;Leguminosae;171131
267;124;37;Dussia discolor (Benth.) Amshoff;Dussia;Leguminosae;171333
268;125;37;Entada polystachya (L.) DC.;Entada;Leguminosae;171452
269;126;37;Enterolobium oldemanii Barneby & J.W.Grimes;Enterolobium;Leguminosae;171479
270;127;37;Eperua falcata Aubl.;Eperua;Leguminosae;171485
271;127;37;Eperua rubiginosa Miq.;Eperua;Leguminosae;171495
272;128;37;Erythrina fusca Lour.;Erythrina;Leguminosae;171727
273;129;37;Hymenaea courbaril L.;Hymenaea;Leguminosae;173155
274;130;37;Inga acrocephala Steud.;Inga;Leguminosae;173907
275;130;37;Inga alata Benoist;Inga;Leguminosae;173912
276;130;37;Inga alba (Sw.) Willd.;Inga;Leguminosae;173914
277;130;37;Inga capitata Desv.;Inga;Leguminosae;173972
278;130;37;Inga edulis Mart.;Inga;Leguminosae;174017
279;130;37;Inga fanchoniana Poncy;Inga;Leguminosae;174029
280;130;37;Inga huberi Ducke;Inga;Leguminosae;174063
281;130;37;Inga ingoides (Rich.) Willd.;Inga;Leguminosae;174066
282;130;37;Inga jenmanii Sandwith;Inga;Leguminosae;174076
283;130;37;Inga lateriflora Miq.;Inga;Leguminosae;174087
284;130;37;Inga nobilis Willd.;Inga;Leguminosae;174137
285;130;37;Inga nouragensis Poncy;Inga;Leguminosae;174138
286;130;37;Inga paraensis Ducke;Inga;Leguminosae;174158
287;130;37;Inga pezizifera Benth.;Inga;Leguminosae;174163
288;130;37;Inga pilosula (Rich.) J.F.Macbr.;Inga;Leguminosae;174165
289;130;37;Inga poeppigiana Benth.;Inga;Leguminosae;174170
290;130;37;Inga retinocarpa Poncy;Inga;Leguminosae;174188
291;130;37;Inga sarmentosa Glaz. ex Harms;Inga;Leguminosae;174207
292;130;37;Inga sertulifera DC.;Inga;Leguminosae;174213
293;130;37;Inga striata Benth.;Inga;Leguminosae;174233
294;130;37;Inga thibaudiana DC.;Inga;Leguminosae;174252
295;131;37;Machaerium lunatum (L.f.) Ducke;Machaerium;Leguminosae;176381
296;132;37;Macrolobium acaciifolium (Benth.) Benth.;Macrolobium;Leguminosae;176453
297;132;37;Macrolobium bifolium (Aubl.) Pers.;Macrolobium;Leguminosae;176461
298;133;37;Mimosa guilandinae (DC.) Barneby;Mimosa;Leguminosae;177501
299;133;37;Mimosa pigra L.;Mimosa;Leguminosae;177730
300;133;37;Mimosa pudica L.;Mimosa;Leguminosae;177775
301;134;37;Mucuna sloanei Fawc. & Rendle;Mucuna;Leguminosae;178094
302;135;37;Ormosia coccinea (Aubl.) Jacks.;Ormosia;Leguminosae;178589
303;135;37;Ormosia costulata (Miq.) Kleinhoonte;Ormosia;Leguminosae;178591
304;135;37;Ormosia melanocarpa Kleinhoonte;Ormosia;Leguminosae;178637
305;135;37;Ormosia paraensis Ducke;Ormosia;Leguminosae;178654
306;136;37;Paramachaerium ormosioides (Ducke) Ducke;Paramachaerium;Leguminosae;179451
307;137;37;Parkia nitida Miq.;Parkia;Leguminosae;179495
308;137;37;Parkia ulei (Harms) Kuhlm.;Parkia;Leguminosae;179511
309;137;37;Parkia velutina Benoist;Parkia;Leguminosae;179512
310;138;37;Peltogyne lecointei Ducke;Peltogyne;Leguminosae;179616
311;139;37;Pentaclethra macroloba (Willd.) Kuntze;Pentaclethra;Leguminosae;179643
312;140;37;Poecilanthe effusa (Huber) Ducke;Poecilanthe;Leguminosae;180253
313;140;37;Poecilanthe hostmannii (Benth.) Amshoff;Poecilanthe;Leguminosae;180255
314;141;37;Pseudopiptadenia suaveolens (Miq.) J.W. Grimes;Pseudopiptadenia;Leguminosae;180446
315;142;37;Pterocarpus officinalis Jacq.;Pterocarpus;Leguminosae;180631
316;143;37;Sclerolobium guianense Benth.;Sclerolobium;Leguminosae;181966
317;143;37;Sclerolobium melinonii Harms;Sclerolobium;Leguminosae;181973
318;144;37;Senna alata (L.) Roxb.;Senna;Leguminosae;182092
319;144;37;Senna chrysocarpa (Desv.) H.S.Irwin & Barneby;Senna;Leguminosae;182140
320;144;37;Senna obtusifolia (L.) H.S.Irwin & Barneby;Senna;Leguminosae;182246
321;144;37;Senna occidentalis (L.) Link;Senna;Leguminosae;182247
322;145;37;Spirotropis longifolia (DC.) Baill.;Spirotropis;Leguminosae;182826
323;146;37;Stryphnodendron guianense (Aubl.) Benth.;Stryphnodendron;Leguminosae;182907
324;147;37;Swartzia aptera DC.;Swartzia;Leguminosae;183060
325;147;37;Swartzia arborescens (Aubl.) Pittier;Swartzia;Leguminosae;183061
326;147;37;Swartzia benthamiana Miq.;Swartzia;Leguminosae;183069
327;147;37;Swartzia guianensis (Aubl.) Urb.;Swartzia;Leguminosae;183113
328;147;37;Swartzia longicarpa Amshoff;Swartzia;Leguminosae;183144
329;147;37;Swartzia panacoco (Aubl.) Cowan;Swartzia;Leguminosae;183176
330;147;37;Swartzia polyphylla DC.;Swartzia;Leguminosae;183194
331;148;37;Tachigali melanocarpa (Ducke) van der Werff;Tachigali;Leguminosae;183297
332;148;37;Tachigali melinonii (Harms) Zarucchi & Herend.;Tachigali;Leguminosae;183298
333;148;37;Tachigali paniculata Aubl.;Tachigali;Leguminosae;183304
334;148;37;Tachigali paraensis (Huber) Barneby;Tachigali;Leguminosae;183305
335;148;37;Tachigali richardiana Tul.;Tachigali;Leguminosae;183318
336;149;37;Taralea oppositifolia Aubl.;Taralea;Leguminosae;183350
337;150;37;Vatairea erythrocarpa (Ducke) Ducke;Vatairea;Leguminosae;184434
338;151;37;Vouacapoua americana Aubl.;Vouacapoua;Leguminosae;184849
339;152;37;Zygia racemosa (Ducke) Barneby & J.W. Grimes;Zygia;Leguminosae;185128
340;152;37;Zygia sabatieri Barneby & J.W. Grimes;Zygia;Leguminosae;185133
341;153;39;Utricularia foliosa L.;Utricularia;Lentibulariaceae;185302
342;153;39;Utricularia hispida Lam.;Utricularia;Lentibulariaceae;185321
343;153;39;Utricularia subulata L.;Utricularia;Lentibulariaceae;185430
344;154;40;Lindernia crustacea (L.) F.Muell.;Lindernia;Linderniaceae;186582
345;155;41;Lindsaea divaricata Klotzsch;Lindsaea;Lindsaeaceae;186696
346;155;41;Lindsaea guianensis (Aubl.) Dryand.;Lindsaea;Lindsaeaceae;186704
347;155;41;Lindsaea lancea (L.) Bedd.;Lindsaea;Lindsaeaceae;186714
348;155;41;Lindsaea quadrangularis Raddi;Lindsaea;Lindsaeaceae;186746
349;155;41;Lindsaea stricta (Sw.) Dryand.;Lindsaea;Lindsaeaceae;186757
350;156;42;Spigelia anthelmia L.;Spigelia;Loganiaceae;187279
351;156;42;Spigelia hamelioides Kunth;Spigelia;Loganiaceae;187306
352;157;42;Strychnos cayennensis Krukoff & Barneby;Strychnos;Loganiaceae;187390
353;157;42;Strychnos tomentosa Benth.;Strychnos;Loganiaceae;187515
354;158;43;Cladocolea micrantha (Eichler) Kuijt;Cladocolea;Loranthaceae;187824
355;159;44;Huperzia taxifolia (Sw.) Trevis.;Huperzia;Lycopodiaceae;188837
356;160;45;Lygodium venustum Sw.;Lygodium;Lygodiaceae;189086
357;160;45;Lygodium volubile Sw.;Lygodium;Lygodiaceae;189087
358;161;46;Cuphea carthagenensis (Jacq.) J.F.Macbr.;Cuphea;Lythraceae;189172
359;162;46;Lafoensia vandelliana Cham. & Schltdl.;Lafoensia;Lythraceae;189532
360;163;46;Lagerstroemia speciosa (L.) Pers.;Lagerstroemia;Lythraceae;189549
361;164;46;Punica granatum L.;Punica;Lythraceae;189669
362;165;47;Bunchosia argentea (Jacq.) DC.;Bunchosia;Malpighiaceae;190183
363;166;47;Byrsonima christianeae W.R.Anderson;Byrsonima;Malpighiaceae;190287
364;167;48;Abelmoschus moschatus Medik.;Abelmoschus;Malvaceae;191373
365;168;48;Adansonia digitata L.;Adansonia;Malvaceae;191642
366;169;49;Allamanda cathartica L.;Allamanda;Apocynaceae;19165
367;170;48;Apeiba tibourbou Aubl.;Apeiba;Malvaceae;191839
368;171;48;Byttneria cordifolia Sagot;Byttneria;Malvaceae;192142
369;172;48;Catostemma fragrans Benth.;Catostemma;Malvaceae;192285
370;173;48;Ceiba pentandra (L.) Gaertn.;Ceiba;Malvaceae;192311
371;174;48;Gossypium barbadense L.;Gossypium;Malvaceae;193141
372;175;49;Ambelania acida Aubl.;Ambelania;Apocynaceae;19341
373;176;48;Guazuma ulmifolia Lam.;Guazuma;Malvaceae;193515
374;177;48;Helicteres pentandra L.;Helicteres;Malvaceae;193600
375;178;48;Hibiscus furcellatus Desr.;Hibiscus;Malvaceae;193927
376;178;48;Hibiscus rosa-sinensis L.;Hibiscus;Malvaceae;194035
377;179;48;Huberodendron swietenioides (Gleason) Ducke;Huberodendron;Malvaceae;194115
378;180;48;Lueheopsis rugosa (Pulle) Burret;Lueheopsis;Malvaceae;194252
379;181;48;Ochroma pyramidale (Cav. ex Lam.) Urb.;Ochroma;Malvaceae;194701
380;182;48;Pachira dolichocalyx A. Robyns;Pachira;Malvaceae;194716
381;183;49;Asclepias curassavica L.;Asclepias;Apocynaceae;19489
382;184;48;Quararibea duckei Huber;Quararibea;Malvaceae;195192
383;184;48;Quararibea guianensis Aubl.;Quararibea;Malvaceae;195201
384;184;48;Quararibea turbinata (Sw.) Poir.;Quararibea;Malvaceae;195246
385;185;48;Sida rhombifolia L.;Sida;Malvaceae;195454
386;186;48;Sterculia frondosa Rich.;Sterculia;Malvaceae;195628
387;186;48;Sterculia pruriens (Aubl.) K.Schum.;Sterculia;Malvaceae;195663
388;186;48;Sterculia villifera Steud.;Sterculia;Malvaceae;195688
389;187;48;Theobroma cacao L.;Theobroma;Malvaceae;195752
390;187;48;Theobroma subincanum Mart.;Theobroma;Malvaceae;195768
391;187;48;Theobroma velutinum Benoist;Theobroma;Malvaceae;195770
392;188;50;Maranta rupicola L.Andersson;Maranta;Marantaceae;196487
393;189;51;Danaea nodosa (L.) Sm.;Danaea;Marattiaceae;196781
394;189;51;Danaea simplicifolia Rudge;Danaea;Marattiaceae;196785
395;190;52;Marcgravia pedunculosa Triana & Planch.;Marcgravia;Marcgraviaceae;196866
396;191;52;Norantea guianensis Aubl.;Norantea;Marcgraviaceae;196912
397;192;52;Souroubea guianensis Aubl.;Souroubea;Marcgraviaceae;196966
398;193;49;Aspidosperma sandwithianum Markgr.;Aspidosperma;Apocynaceae;19758
399;194;53;Aciotis indecora (Bonpl.) Triana;Aciotis;Melastomataceae;197755
400;194;53;Aciotis purpurascens (Aubl.) Triana;Aciotis;Melastomataceae;197761
401;195;53;Adelobotrys adscendens (Sw.) Triana;Adelobotrys;Melastomataceae;197791
402;196;53;Appendicularia thymifolia (Bonpl.) DC.;Appendicularia;Melastomataceae;197861
403;197;53;Bellucia grossularioides (L.) Triana;Bellucia;Melastomataceae;197919
404;198;53;Clidemia conglomerata DC.;Clidemia;Melastomataceae;198260
405;198;53;Clidemia hirta (L.) D. Don;Clidemia;Melastomataceae;198307
406;198;53;Clidemia laevifolia Gleason;Clidemia;Melastomataceae;198315
407;198;53;Clidemia petiolata DC.;Clidemia;Melastomataceae;198341
408;198;53;Clidemia septuplinervia Cogn.;Clidemia;Melastomataceae;198363
409;199;53;Comolia villosa (Aubl.) Triana;Comolia;Melastomataceae;198419
410;200;53;Desmoscelis villosa (Aubl.) Naudin;Desmoscelis;Melastomataceae;198471
411;201;53;Ernestia confertiflora Wurdack;Ernestia;Melastomataceae;198555
412;201;53;Ernestia glandulosa Gleason;Ernestia;Melastomataceae;198557
413;202;53;Henriettea succosa (Aubl.) DC.;Henriettea;Melastomataceae;198802
414;203;53;Henriettella flavescens (Aubl.) Triana;Henriettella;Melastomataceae;198819
415;204;49;Blepharodon pictum (Vahl) W.D.Stevens;Blepharodon;Apocynaceae;19887
416;205;53;Leandra divaricata (Naudin) Cogn.;Leandra;Melastomataceae;198971
417;205;53;Leandra rufescens (DC.) Cogn.;Leandra;Melastomataceae;199099
418;205;53;Leandra solenifera Cogn.;Leandra;Melastomataceae;199111
419;206;53;Loreya mespiloides Miq.;Loreya;Melastomataceae;199158
420;207;53;Macrocentrum cristatum (DC.) Triana;Macrocentrum;Melastomataceae;199197
421;208;53;Maieta guianensis Aubl.;Maieta;Melastomataceae;199220
422;209;53;Miconia acuminata (Steud.) Naudin;Miconia;Melastomataceae;199580
423;209;53;Miconia affinis DC.;Miconia;Melastomataceae;199587
424;209;53;Miconia alata (Aubl.) DC.;Miconia;Melastomataceae;199591
425;209;53;Miconia argyrophylla DC.;Miconia;Melastomataceae;199627
426;209;53;Miconia bracteata (DC.) Triana;Miconia;Melastomataceae;199672
427;209;53;Miconia ceramicarpa (DC.) Cogn.;Miconia;Melastomataceae;199728
428;209;53;Miconia chrysophylla (Rich.) Urb.;Miconia;Melastomataceae;199742
429;209;53;Miconia ciliata (Rich.) DC.;Miconia;Melastomataceae;199744
430;209;53;Miconia diaphanea Gleason;Miconia;Melastomataceae;199810
431;209;53;Miconia egensis Cogn.;Miconia;Melastomataceae;199838
432;209;53;Miconia holosericea (L.) DC.;Miconia;Melastomataceae;199938
433;209;53;Miconia lateriflora Cogn.;Miconia;Melastomataceae;200006
434;209;53;Miconia longifolia (Aubl.) DC.;Miconia;Melastomataceae;200031
435;209;53;Miconia melinonis Naudin;Miconia;Melastomataceae;200075
436;209;53;Miconia minutiflora (Bonpl.) DC.;Miconia;Melastomataceae;200087
437;209;53;Miconia nervosa (Sm.) Triana;Miconia;Melastomataceae;200119
438;209;53;Miconia plukenetii Naudin;Miconia;Melastomataceae;200202
439;209;53;Miconia poeppigii Triana;Miconia;Melastomataceae;200204
440;209;53;Miconia prasina (Sw.) DC.;Miconia;Melastomataceae;200215
441;209;53;Miconia pubipetala Miq.;Miconia;Melastomataceae;200228
442;209;53;Miconia racemosa (Aubl.) DC.;Miconia;Melastomataceae;200249
443;209;53;Miconia serialis DC.;Miconia;Melastomataceae;200319
444;209;53;Miconia serrulata (DC.) Naudin;Miconia;Melastomataceae;200320
445;209;53;Miconia splendens (Sw.) Griseb.;Miconia;Melastomataceae;200338
446;209;53;Miconia tomentosa (Rich.) D. Don ex DC.;Miconia;Melastomataceae;200402
447;210;53;Mouriri collocarpa Ducke;Mouriri;Melastomataceae;200638
448;210;53;Mouriri crassifolia Sagot;Mouriri;Melastomataceae;200640
449;210;53;Mouriri grandiflora DC.;Mouriri;Melastomataceae;200660
450;210;53;Mouriri nervosa Pilg.;Mouriri;Melastomataceae;200676
451;210;53;Mouriri oligantha Pilg.;Mouriri;Melastomataceae;200679
452;210;53;Mouriri sagotiana Triana;Mouriri;Melastomataceae;200692
453;210;53;Mouriri vernicosa Naudin;Mouriri;Melastomataceae;200704
454;211;53;Nepsera aquatica (Aubl.) Naudin;Nepsera;Melastomataceae;200712
455;212;53;Pterolepis glomerata (Rottb.) Miq.;Pterolepis;Melastomataceae;200877
456;213;53;Rhynchanthera grandiflora (Aubl.) DC.;Rhynchanthera;Melastomataceae;200915
457;214;53;Tibouchina aspera Aubl.;Tibouchina;Melastomataceae;201073
458;215;53;Tococa guianensis Aubl.;Tococa;Melastomataceae;201318
459;216;53;Topobea parasitica Aubl.;Topobea;Melastomataceae;201384
460;217;53;Votomita guianensis Aubl.;Votomita;Melastomataceae;201444
461;218;54;Carapa guianensis Aubl.;Carapa;Meliaceae;201652
462;219;54;Cedrela odorata L.;Cedrela;Meliaceae;201678
463;220;54;Guarea guidonia (L.) Sleumer;Guarea;Meliaceae;201893
464;221;54;Swietenia mahagoni (L.) Jacq.;Swietenia;Meliaceae;202049
465;222;54;Trichilia micrantha Benth.;Trichilia;Meliaceae;202107
466;222;54;Trichilia pallida Sw.;Trichilia;Meliaceae;202118
467;222;54;Trichilia schomburgkii C.DC.;Trichilia;Meliaceae;202134
468;223;55;Abuta sandwithiana Krukoff & Barneby;Abuta;Menispermaceae;202271
469;224;56;Metaxya rostrata (Kunth) C. Presl;Metaxya;Metaxyaceae;202825
470;225;57;Brosimum rubescens Taub.;Brosimum;Moraceae;203347
471;226;57;Ficus leiophylla C.C.Berg;Ficus;Moraceae;203918
472;227;58;Justicia betonica L.;Justicia;Acanthaceae;2041
473;226;57;Ficus schumacheri (Liebm.) Griseb.;Ficus;Moraceae;204178
474;226;57;Ficus trigona L.f.;Ficus;Moraceae;204277
475;228;57;Pseudolmedia laevis (Ruiz & Pav.) J.F.Macbr.;Pseudolmedia;Moraceae;204432
476;229;57;Trymatococcus amazonicus Poepp. & Endl.;Trymatococcus;Moraceae;204499
477;230;59;Iryanthera paraensis Huber;Iryanthera;Myristicaceae;204775
478;230;59;Iryanthera sagotiana (Benth.) Warb.;Iryanthera;Myristicaceae;204777
479;231;49;Couma guianensis Aubl.;Couma;Apocynaceae;20515
480;232;60;Calycorectes bergii Sandwith;Calycorectes;Myrtaceae;205170
481;232;60;Calycorectes grandifolius O.Berg;Calycorectes;Myrtaceae;205179
482;233;60;Campomanesia grandiflora (Aubl.) Sagot;Campomanesia;Myrtaceae;205564
483;234;60;Eugenia albicans (O.Berg) Urb.;Eugenia;Myrtaceae;206694
484;234;60;Eugenia anastomosans DC.;Eugenia;Myrtaceae;206710
485;234;60;Eugenia argyrophylla B.Holst & M.L.Kawas.;Eugenia;Myrtaceae;206728
486;234;60;Eugenia armeniaca Sagot;Eugenia;Myrtaceae;206729
487;234;60;Eugenia biflora (L.) DC.;Eugenia;Myrtaceae;206767
488;234;60;Eugenia coffeifolia DC.;Eugenia;Myrtaceae;206874
489;234;60;Eugenia cupulata Amshoff;Eugenia;Myrtaceae;206927
490;234;60;Eugenia florida DC.;Eugenia;Myrtaceae;207009
491;234;60;Eugenia gongylocarpa M.L.Kawas. & B.K.Holst;Eugenia;Myrtaceae;207042
492;227;58;Justicia calycina (Nees) V.A.W.Graham;Justicia;Acanthaceae;2071
493;234;60;Eugenia lambertiana DC.;Eugenia;Myrtaceae;207161
494;234;60;Eugenia latifolia Aubl.;Eugenia;Myrtaceae;207167
495;234;60;Eugenia patrisii Vahl;Eugenia;Myrtaceae;207375
496;234;60;Eugenia pseudopsidium Jacq.;Eugenia;Myrtaceae;207441
497;234;60;Eugenia punicifolia (Kunth) DC.;Eugenia;Myrtaceae;207452
498;234;60;Eugenia ramiflora Desv. ex Ham.;Eugenia;Myrtaceae;207470
499;234;60;Eugenia spruceana O.Berg;Eugenia;Myrtaceae;207575
500;234;60;Eugenia stictopetala DC.;Eugenia;Myrtaceae;207589
501;235;60;Myrcia amazonica DC.;Myrcia;Myrtaceae;208641
502;235;60;Myrcia bracteata (Rich.) DC.;Myrcia;Myrtaceae;208673
503;235;60;Myrcia decorticans DC.;Myrcia;Myrtaceae;208724
504;235;60;Myrcia guianensis (Aubl.) DC.;Myrcia;Myrtaceae;208788
505;235;60;Myrcia multiflora (Lam.) DC.;Myrcia;Myrtaceae;208865
506;235;60;Myrcia rupta M.L.Kawas. & B.K.Holst;Myrcia;Myrtaceae;208949
507;235;60;Myrcia saxatilis (Amshoff) McVaugh;Myrcia;Myrtaceae;208956
508;235;60;Myrcia splendens (Sw.) DC.;Myrcia;Myrtaceae;208971
509;235;60;Myrcia sylvatica (G.Mey.) DC.;Myrcia;Myrtaceae;208994
510;235;60;Myrcia tomentosa (Aubl.) DC.;Myrcia;Myrtaceae;209006
511;236;60;Myrciaria floribunda (H.West ex Willd.) O.Berg;Myrciaria;Myrtaceae;209078
512;237;60;Psidium guajava L.;Psidium;Myrtaceae;209327
513;237;60;Psidium guineense Sw.;Psidium;Myrtaceae;209328
514;238;61;Nephrolepis biserrata (Sw.) Schott;Nephrolepis;Nephrolepidaceae;211059
515;238;61;Nephrolepis rivularis (Vahl) Mett. ex Krug;Nephrolepis;Nephrolepidaceae;211075
516;239;62;Neea floribunda Poepp. & Endl.;Neea;Nyctaginaceae;211519
517;240;63;Elvasia elvasioides (Planch.) Gilg;Elvasia;Ochnaceae;211755
518;240;63;Elvasia macrostipularis Sastre & Lescure;Elvasia;Ochnaceae;211759
519;241;63;Ouratea cerebroidea Sastre;Ouratea;Ochnaceae;211958
520;241;63;Ouratea guianensis Aubl.;Ouratea;Ochnaceae;212012
521;241;63;Ouratea pendula Poepp. ex Engl.;Ouratea;Ochnaceae;212087
522;241;63;Ouratea scottii Sastre;Ouratea;Ochnaceae;212120
523;242;63;Quiina integrifolia Pulle;Quiina;Ochnaceae;212199
524;242;63;Quiina obovata Tul.;Quiina;Ochnaceae;212213
525;243;64;Chaunochiton kappleri (Sagot ex Engl.) Ducke;Chaunochiton;Olacaceae;212342
526;244;64;Heisteria cauliflora Sm.;Heisteria;Olacaceae;212378
527;244;64;Heisteria densifrons Engl.;Heisteria;Olacaceae;212384
528;244;64;Heisteria ovata Benth.;Heisteria;Olacaceae;212395
529;245;64;Minquartia guianensis Aubl.;Minquartia;Olacaceae;212412
530;246;65;Jasminum sambac (L.) Aiton;Jasminum;Oleaceae;212920
531;247;49;Forsteronia acouci (Aubl.) A.DC.;Forsteronia;Apocynaceae;21329
532;248;66;Ludwigia affinis (DC.) H.Hara;Ludwigia;Onagraceae;213809
533;248;66;Ludwigia erecta (L.) H.Hara;Ludwigia;Onagraceae;213831
534;248;66;Ludwigia hyssopifolia (G.Don) Exell;Ludwigia;Onagraceae;213841
535;248;66;Ludwigia leptocarpa (Nutt.) H.Hara;Ludwigia;Onagraceae;213850
536;248;66;Ludwigia nervosa (Poir.) H.Hara;Ludwigia;Onagraceae;213864
537;248;66;Ludwigia octovalvis (Jacq.) P.H.Raven;Ludwigia;Onagraceae;213866
538;249;49;Geissospermum argenteum Woodson;Geissospermum;Apocynaceae;21388
539;249;49;Geissospermum laeve (Vell.) Miers;Geissospermum;Apocynaceae;21391
540;250;67;Agonandra silvatica Ducke;Agonandra;Opiliaceae;214245
541;251;68;Brassia lanceana Lindl.;Brassia;Orchidaceae;216314
542;252;49;Himatanthus articulatus (Vahl) Woodson;Himatanthus;Apocynaceae;21718
543;253;49;Lacmellea aculeata (Ducke) Monach.;Lacmellea;Apocynaceae;21973
544;254;68;Cleistes rosea Lindl.;Cleistes;Orchidaceae;220108
545;255;49;Macoubea guianensis Aubl.;Macoubea;Apocynaceae;22118
546;256;49;Malouetia tamaquarina (Aubl.) A.DC.;Malouetia;Apocynaceae;22180
547;257;49;Mandevilla hirsuta (Rich.) K.Schum.;Mandevilla;Apocynaceae;22256
548;257;49;Mandevilla rugellosa (Rich.) L.Allorge;Mandevilla;Apocynaceae;22319
549;257;49;Mandevilla subspicata (Vahl) Markgr.;Mandevilla;Apocynaceae;22348
550;258;68;Epidendrum nocturnum Jacq.;Epidendrum;Orchidaceae;226017
551;259;68;Ionopsis utricularioides (Sw.) Lindl.;Ionopsis;Orchidaceae;229370
552;260;68;Lepanthes cremersii Luer;Lepanthes;Orchidaceae;229955
553;261;49;Odontadenia puncticulosa (Rich.) Pulle;Odontadenia;Apocynaceae;23107
554;262;68;Masdevallia minuta Lindl.;Masdevallia;Orchidaceae;232112
555;263;49;Parahancornia fasciculata (Poir.) Benoist;Parahancornia;Apocynaceae;23429
556;264;68;Palmorchis prospectorum Veyret;Palmorchis;Orchidaceae;235182
557;265;68;Pleurothallis lanceana Lodd.;Pleurothallis;Orchidaceae;236883
558;265;68;Pleurothallis ruscifolia (Jacq.) R.Br.;Pleurothallis;Orchidaceae;237053
559;266;68;Prescottia stachyodes (Sw.) Lindl.;Prescottia;Orchidaceae;237937
560;227;58;Justicia pectoralis Jacq.;Justicia;Acanthaceae;2401
561;267;68;Trigonidium acuminatum Bateman ex Lindl.;Trigonidium;Orchidaceae;242361
562;268;69;Averrhoa carambola L.;Averrhoa;Oxalidaceae;244705
563;269;49;Tabernaemontana undulata Vahl;Tabernaemontana;Apocynaceae;24557
564;270;70;Piriqueta cistoides (L.) Griseb.;Piriqueta;Passifloraceae;248199
565;271;70;Turnera aurantiaca Benth.;Turnera;Passifloraceae;248283
566;271;70;Turnera guianensis Aubl.;Turnera;Passifloraceae;248325
567;271;70;Turnera odorata Rich.;Turnera;Passifloraceae;248357
568;271;70;Turnera rupestris Aubl.;Turnera;Passifloraceae;248374
569;271;70;Turnera ulmifolia L.;Turnera;Passifloraceae;248392
570;272;71;Sesamum indicum L.;Sesamum;Pedaliaceae;248478
571;273;72;Ternstroemia dentata (Aubl.) Sw.;Ternstroemia;Pentaphylacaceae;248950
572;274;73;Pogonophora schomburgkiana Miers ex Benth.;Pogonophora;Peraceae;249138
573;275;74;Amanoa guianensis Aubl.;Amanoa;Phyllanthaceae;249436
574;276;74;Phyllanthus brasiliensis (Aubl.) Poir.;Phyllanthus;Phyllanthaceae;250534
575;276;74;Phyllanthus urinaria L.;Phyllanthus;Phyllanthaceae;251291
576;277;75;Microtea debilis Sw.;Microtea;Phytolaccaceae;251585
577;278;75;Rivina humilis L.;Rivina;Phytolaccaceae;251624
578;279;76;Peperomia macrostachya (Vahl) A.Dietr.;Peperomia;Piperaceae;252665
579;279;76;Peperomia ouabianae C.DC.;Peperomia;Piperaceae;252779
580;279;76;Peperomia pellucida (L.) Kunth;Peperomia;Piperaceae;252811
581;279;76;Peperomia serpens (Sw.) Loudon;Peperomia;Piperaceae;253046
582;280;76;Piper eucalyptifolium Rudge;Piper;Piperaceae;253695
583;280;76;Piper hostmannianum (Miq.) C.DC.;Piper;Piperaceae;253836
584;280;76;Piper marginatum Jacq.;Piper;Piperaceae;254000
585;280;76;Piper obliquum Ruiz & Pav.;Piper;Piperaceae;254111
586;280;76;Piper peltatum L.;Piper;Piperaceae;254180
587;281;77;Scoparia dulcis L.;Scoparia;Plantaginaceae;256363
588;282;78;Plumbago auriculata Lam.;Plumbago;Plumbaginaceae;257336
589;283;79;Anthurium gracile (Rudge) Lindl.;Anthurium;Araceae;26327
590;283;79;Anthurium jenmanii Engl.;Anthurium;Araceae;26393
591;283;79;Anthurium pentaphyllum (Aubl.) G.Don;Anthurium;Araceae;26635
592;284;80;Mourera fluviatilis Aubl.;Mourera;Podostemaceae;270090
593;285;81;Moutabea guianensis Aubl.;Moutabea;Polygalaceae;270961
594;286;81;Securidaca diversifolia (L.) S.F.Blake;Securidaca;Polygalaceae;271764
595;286;81;Securidaca paniculata Rich.;Securidaca;Polygalaceae;271781
596;287;79;Caladium bicolor (Aiton) Vent.;Caladium;Araceae;27221
597;288;82;Campyloneurum repens (Aubl.) C. Presl;Campyloneurum;Polypodiaceae;273462
598;289;82;Microgramma fuscopunctata (Hook.) Vareschi;Microgramma;Polypodiaceae;274102
599;289;82;Microgramma lycopodioides (L.) Copel.;Microgramma;Polypodiaceae;274108
600;289;82;Microgramma percussa (Cav.) de la Sota;Microgramma;Polypodiaceae;274114
601;289;82;Microgramma reptans (Cav.) A.R. Sm.;Microgramma;Polypodiaceae;274118
602;290;82;Niphidium crassifolium (L.) Lellinger;Niphidium;Polypodiaceae;274257
603;291;79;Dieffenbachia parvifolia Engl.;Dieffenbachia;Araceae;27455
604;291;79;Dieffenbachia seguine (Jacq.) Schott;Dieffenbachia;Araceae;27457
605;292;82;Polypodium triseriale Sw.;Polypodium;Polypodiaceae;274693
606;293;79;Dracontium polyphyllum L.;Dracontium;Araceae;27492
607;294;83;Eichhornia crassipes (Mart.) Solms;Eichhornia;Pontederiaceae;275029
608;295;84;Portulaca grandiflora Hook.;Portulaca;Portulacaceae;275255
609;296;79;Heteropsis flexuosa (Kunth) G.S.Bunting;Heteropsis;Araceae;27569
610;296;79;Heteropsis tenuispadix G.S.Bunting;Heteropsis;Araceae;27581
611;297;85;Clavija lancifolia Desf.;Clavija;Primulaceae;276624
612;298;79;Monstera adansonii Schott;Monstera;Araceae;27760
613;299;79;Montrichardia arborescens (L.) Schott;Montrichardia;Araceae;27803
614;300;86;Panopsis sessilifolia (Rich.) Sandwith;Panopsis;Proteaceae;279396
615;301;86;Roupala montana Aubl.;Roupala;Proteaceae;279552
616;302;87;Acrostichum aureum L.;Acrostichum;Pteridaceae;279730
617;302;87;Acrostichum danaeifolium Langsd. & Fisch.;Acrostichum;Pteridaceae;279732
618;303;87;Adiantum argutum Splitg.;Adiantum;Pteridaceae;279781
619;303;87;Adiantum cajennense Willd. ex Klotzsch;Adiantum;Pteridaceae;279787
620;303;87;Adiantum glaucescens Klotzsch;Adiantum;Pteridaceae;279833
621;303;87;Adiantum latifolium Lam.;Adiantum;Pteridaceae;279848
622;303;87;Adiantum leprieurii Hook.;Adiantum;Pteridaceae;279849
623;303;87;Adiantum lucidum (Cav.) Sw.;Adiantum;Pteridaceae;279853
624;303;87;Adiantum obliquum Willd.;Adiantum;Pteridaceae;279869
625;303;87;Adiantum paraense Hieron.;Adiantum;Pteridaceae;279877
626;303;87;Adiantum petiolatum Desv.;Adiantum;Pteridaceae;279884
627;304;79;Philodendron fragrantissimum (Hook.) G.Don;Philodendron;Araceae;27989
628;303;87;Adiantum pulverulentum L.;Adiantum;Pteridaceae;279895
629;303;87;Adiantum terminatum Kunze ex Miq.;Adiantum;Pteridaceae;279923
630;303;87;Adiantum tetraphyllum Humb. & Bonpl. ex Willd.;Adiantum;Pteridaceae;279924
631;305;87;Anetium citrifolium (L.) Splitg.;Anetium;Pteridaceae;279988
632;306;87;Ceratopteris thalictroides (L.) Brongn.;Ceratopteris;Pteridaceae;280085
633;304;79;Philodendron hederaceum (Jacq.) Schott;Philodendron;Araceae;28014
634;304;79;Philodendron insigne Schott;Philodendron;Araceae;28037
635;304;79;Philodendron linnaei Kunth;Philodendron;Araceae;28066
636;307;87;Pityrogramma calomelanos (L.) Link;Pityrogramma;Pteridaceae;280698
637;308;87;Pteris altissima Poir.;Pteris;Pteridaceae;280745
638;308;87;Pteris pungens Willd.;Pteris;Pteridaceae;280887
639;309;87;Vittaria costata Kunze;Vittaria;Pteridaceae;281000
640;309;87;Vittaria lineata (L.) Sm.;Vittaria;Pteridaceae;281017
641;304;79;Philodendron ornatum Schott;Philodendron;Araceae;28131
642;304;79;Philodendron pedatum (Hook.) Kunth;Philodendron;Araceae;28143
643;304;79;Philodendron placidum Schott;Philodendron;Araceae;28154
644;304;79;Philodendron rudgeanum Schott;Philodendron;Araceae;28203
645;304;79;Philodendron solimoesense A.C.Sm.;Philodendron;Araceae;28225
646;304;79;Philodendron squamiferum Poepp.;Philodendron;Araceae;28235
647;310;88;Rapatea paludosa Aubl.;Rapatea;Rapateaceae;283776
648;311;89;Rhabdodendron amazonicum (Spruce ex Benth.) Huber;Rhabdodendron;Rhabdodendraceae;284430
649;312;90;Ziziphus jujuba Mill.;Ziziphus;Rhamnaceae;285297
650;313;91;Cassipourea guianensis Aubl.;Cassipourea;Rhizophoraceae;285398
651;314;79;Syngonium podophyllum Schott;Syngonium;Araceae;28904
652;315;79;Urospatha sagittifolia (Rudge) Schott;Urospatha;Araceae;29013
653;316;92;Amaioua guianensis Aubl.;Amaioua;Rubiaceae;290677
654;317;92;Capirona decorticans Spruce;Capirona;Rubiaceae;291840
655;318;92;Carapichea ligularis (Rudge) Delprete;Carapichea;Rubiaceae;291847
656;319;92;Chimarrhis microcarpa Standl.;Chimarrhis;Rubiaceae;292093
657;319;92;Chimarrhis turbinata DC.;Chimarrhis;Rubiaceae;292096
658;320;92;Chiococca nitida Benth.;Chiococca;Rubiaceae;292111
659;321;92;Coussarea spicata Delprete;Coussarea;Rubiaceae;292732
660;322;92;Duroia aquatica (Aubl.) Bremek.;Duroia;Rubiaceae;293248
661;323;92;Faramea guianensis (Aubl.) Bremek.;Faramea;Rubiaceae;293559
662;324;92;Geophila repens (L.) I.M.Johnst.;Geophila;Rubiaceae;294700
663;325;92;Isertia spiciformis DC.;Isertia;Rubiaceae;295591
664;326;93;Hydrocotyle umbellata L.;Hydrocotyle;Araliaceae;29586
665;327;92;Kutchubaea insignis Fisch. ex DC.;Kutchubaea;Rubiaceae;296317
666;328;93;Oreopanax capitatus (Jacq.) Decne. & Planch.;Oreopanax;Araliaceae;29686
667;329;92;Mussaenda incana Wall.;Mussaenda;Rubiaceae;297360
668;330;92;Palicourea amapaensis Steyerm.;Palicourea;Rubiaceae;298602
669;330;92;Palicourea croceoides Ham.;Palicourea;Rubiaceae;298670
670;331;92;Posoqueria longiflora Aubl.;Posoqueria;Rubiaceae;299768
671;332;92;Psychotria ulviformis Steyerm.;Psychotria;Rubiaceae;301640
672;333;92;Randia armata (Sw.) DC.;Randia;Rubiaceae;301929
673;334;92;Rudgea bremekampiana Steyerm.;Rudgea;Rubiaceae;302476
674;335;92;Sabicea glabrescens Benth.;Sabicea;Rubiaceae;302787
675;335;92;Sabicea velutina Benth.;Sabicea;Rubiaceae;302866
676;336;92;Sipanea pratensis Aubl.;Sipanea;Rubiaceae;303214
677;337;93;Schefflera morototoni (Aubl.) Maguire, Steyerm. & Frodin;Schefflera;Araliaceae;30431
678;338;94;Ertela trifolia (L.) Kuntze;Ertela;Rutaceae;305648
679;339;94;Galipea trifoliata Aubl.;Galipea;Rutaceae;305773
680;340;94;Hortia excelsa Ducke;Hortia;Rutaceae;305857
681;341;94;Zanthoxylum amapaense (Albuq.) P.G.Waterman;Zanthoxylum;Rutaceae;306466
682;341;94;Zanthoxylum paulae (Albuq.) P.G. Waterman;Zanthoxylum;Rutaceae;306577
683;342;95;Saccoloma inaequale (Kunze) Mett.;Saccoloma;Saccolomataceae;306775
684;343;96;Banara guianensis Aubl.;Banara;Salicaceae;306822
685;344;96;Casearia acuminata DC.;Casearia;Salicaceae;306879
686;344;96;Casearia arborea (Rich.) Urb.;Casearia;Salicaceae;306892
687;344;96;Casearia combaymensis Tul.;Casearia;Salicaceae;306921
688;344;96;Casearia grandiflora Cambess.;Casearia;Salicaceae;306961
689;344;96;Casearia guianensis (Aubl.) Urb.;Casearia;Salicaceae;306966
690;345;96;Laetia procera (Poepp.) Eichler;Laetia;Salicaceae;307230
691;346;96;Ryania speciosa Vahl;Ryania;Salicaceae;307446
692;347;97;Salvinia auriculata Aubl.;Salvinia;Salviniaceae;308130
693;348;98;Phoradendron piperoides (Kunth) Trel.;Phoradendron;Santalaceae;308678
694;349;99;Astrocaryum murumuru Mart.;Astrocaryum;Arecaceae;30924
695;349;99;Astrocaryum paramaca Mart.;Astrocaryum;Arecaceae;30925
696;349;99;Astrocaryum sciophilum (Miq.) Pulle;Astrocaryum;Arecaceae;30929
697;349;99;Astrocaryum vulgare Mart.;Astrocaryum;Arecaceae;30937
698;350;100;Allophylus leucoclados Radlk.;Allophylus;Sapindaceae;309517
699;351;100;Cupania hirsuta Radlk.;Cupania;Sapindaceae;309819
700;351;100;Cupania rubiginosa (Poir.) Radlk.;Cupania;Sapindaceae;309845
701;351;100;Cupania scrobiculata Rich.;Cupania;Sapindaceae;309849
702;352;99;Attalea maripa (Aubl.) Mart.;Attalea;Arecaceae;30986
703;353;100;Dimocarpus longan Lour.;Dimocarpus;Sapindaceae;309983
704;354;99;Bactris acanthocarpoides Barb.Rodr.;Bactris;Arecaceae;31014
705;354;99;Bactris aubletiana Trail;Bactris;Arecaceae;31016
706;354;99;Bactris brongniartii Mart.;Bactris;Arecaceae;31023
707;354;99;Bactris constanciae Barb.Rodr.;Bactris;Arecaceae;31032
708;355;100;Matayba arborescens (Aubl.) Radlk.;Matayba;Sapindaceae;310335
709;355;100;Matayba laevigata Radlk.;Matayba;Sapindaceae;310355
710;355;100;Matayba stenodictya Radlk.;Matayba;Sapindaceae;310373
711;354;99;Bactris gastoniana Barb.Rodr.;Bactris;Arecaceae;31042
712;356;100;Paullinia pinnata L.;Paullinia;Sapindaceae;310554
713;354;99;Bactris maraja Mart.;Bactris;Arecaceae;31061
714;357;100;Pseudima frutescens (Aubl.) Radlk.;Pseudima;Sapindaceae;310653
715;354;99;Bactris oligocarpa Barb.Rodr.;Bactris;Arecaceae;31066
716;354;99;Bactris pliniana Granv. & A.J.Hend.;Bactris;Arecaceae;31071
717;354;99;Bactris rhaphidacantha Wess.Boer;Bactris;Arecaceae;31075
718;358;100;Serjania grandifolia Sagot ex Radlk.;Serjania;Sapindaceae;310768
719;354;99;Bactris simplicifrons Mart.;Bactris;Arecaceae;31082
720;358;100;Serjania paucidentata DC.;Serjania;Sapindaceae;310829
721;359;100;Talisia carinata Radlk.;Talisia;Sapindaceae;310914
722;359;100;Talisia hemidasya Radlk.;Talisia;Sapindaceae;310933
723;360;100;Toulicia guianensis Aubl.;Toulicia;Sapindaceae;311021
724;361;100;Vouarana guianensis Aubl.;Vouarana;Sapindaceae;311053
725;362;101;Chrysophyllum argenteum Jacq.;Chrysophyllum;Sapotaceae;311149
726;362;101;Chrysophyllum cainito L.;Chrysophyllum;Sapotaceae;311160
727;362;101;Chrysophyllum cuneifolium (Rudge) A.DC.;Chrysophyllum;Sapotaceae;311165
728;362;101;Chrysophyllum pomiferum (Eyma) T.D.Penn.;Chrysophyllum;Sapotaceae;311202
729;362;101;Chrysophyllum sanguinolentum (Pierre) Baehni;Chrysophyllum;Sapotaceae;311210
730;362;101;Chrysophyllum venezuelanense (Pierre) T.D.Penn.;Chrysophyllum;Sapotaceae;311223
731;363;101;Ecclinusa guianensis Eyma;Ecclinusa;Sapotaceae;311252
732;363;101;Ecclinusa ramiflora Mart.;Ecclinusa;Sapotaceae;311258
733;364;101;Manilkara bidentata (A.DC.) A.Chev.;Manilkara;Sapotaceae;311462
734;364;101;Manilkara paraensis (Huber) Standl.;Manilkara;Sapotaceae;311513
735;365;101;Micropholis cayennensis T.D.Penn.;Micropholis;Sapotaceae;311546
736;365;101;Micropholis guyanensis (A.DC.) Pierre;Micropholis;Sapotaceae;311557
737;365;101;Micropholis melinoniana Pierre;Micropholis;Sapotaceae;311563
738;365;101;Micropholis obscura T.D.Penn.;Micropholis;Sapotaceae;311565
739;366;101;Pouteria cicatricata T.D.Penn.;Pouteria;Sapotaceae;311974
740;366;101;Pouteria eugeniifolia (Pierre) Baehni;Pouteria;Sapotaceae;312000
741;366;101;Pouteria filipes Eyma;Pouteria;Sapotaceae;312005
742;366;101;Pouteria gongrijpii Eyma;Pouteria;Sapotaceae;312024
743;366;101;Pouteria macrophylla (Lam.) Eyma;Pouteria;Sapotaceae;312054
744;366;101;Pouteria rodriguesiana Pires & T.D.Penn.;Pouteria;Sapotaceae;312118
745;366;101;Pouteria sagotiana (Baill.) Eyma;Pouteria;Sapotaceae;312121
746;366;101;Pouteria speciosa (Ducke) Baehni;Pouteria;Sapotaceae;312135
747;366;101;Pouteria torta (Mart.) Radlk.;Pouteria;Sapotaceae;312150
748;366;101;Pouteria venosa (Mart.) Baehni;Pouteria;Sapotaceae;312158
749;367;101;Pradosia cochlearia (Lecomte) T.D.Penn.;Pradosia;Sapotaceae;312172
750;367;101;Pradosia ptychandra (Eyma) T.D.Penn.;Pradosia;Sapotaceae;312184
751;368;101;Sarcaulus brasiliensis (A.DC.) Eyma;Sarcaulus;Sapotaceae;312237
752;369;102;Schizaea elegans (Vahl) Sw.;Schizaea;Schizaeaceae;313517
753;370;103;Schlegelia violacea Griseb.;Schlegelia;Schlegeliaceae;313568
754;371;104;Selaginella conduplicata Spring;Selaginella;Selaginellaceae;315398
755;371;104;Selaginella parkeri (Hook. & Grev.) Spring;Selaginella;Selaginellaceae;315564
756;371;104;Selaginella producta Baker;Selaginella;Selaginellaceae;315584
757;371;104;Selaginella radiata Baker;Selaginella;Selaginellaceae;315597
758;371;104;Selaginella revoluta Baker;Selaginella;Selaginellaceae;315603
759;371;104;Selaginella sulcata (Desv. ex Poir.) Spring ex Mart.;Selaginella;Selaginellaceae;315651
760;372;105;Picrolemma sprucei Hook.f.;Picrolemma;Simaroubaceae;315771
761;373;105;Simaba polyphylla (Cavalcante) W.W. Thomas;Simaba;Simaroubaceae;315831
762;374;106;Siparuna cristata (Poepp. & Endl.) A.DC.;Siparuna;Siparunaceae;315862
763;374;106;Siparuna cuspidata (Tul.) A.DC.;Siparuna;Siparunaceae;315864
764;374;106;Siparuna decipiens (Tul.) A.DC.;Siparuna;Siparunaceae;315866
765;374;106;Siparuna guianensis Aubl.;Siparuna;Siparunaceae;315877
766;374;106;Siparuna poeppigii (Tul.) A. DC.;Siparuna;Siparunaceae;315899
767;375;107;Smilax siphilitica Humb. & Bonpl. ex Willd.;Smilax;Smilacaceae;316145
768;376;108;Brunfelsia guianensis Benth.;Brunfelsia;Solanaceae;316306
769;377;108;Cestrum latifolium Lam.;Cestrum;Solanaceae;316519
770;378;108;Lycianthes pauciflora (Vahl) Bitter;Lycianthes;Solanaceae;317044
771;379;108;Physalis angulata L.;Physalis;Solanaceae;317444
772;379;108;Physalis pubescens L.;Physalis;Solanaceae;317531
773;380;108;Schwenckia americana L.;Schwenckia;Solanaceae;317643
774;381;108;Solandra longiflora Tussac;Solandra;Solanaceae;317709
775;382;108;Solanum americanum Mill.;Solanum;Solanaceae;317765
776;382;108;Solanum asperum Rich.;Solanum;Solanaceae;317809
777;382;108;Solanum crinitum Lam.;Solanum;Solanaceae;317986
778;382;108;Solanum fulvidum Bitter;Solanum;Solanaceae;318110
779;382;108;Solanum jamaicense Mill.;Solanum;Solanaceae;318253
780;382;108;Solanum leucocarpon Dunal;Solanum;Solanaceae;318313
781;382;108;Solanum rugosum Dunal;Solanum;Solanaceae;318639
782;382;108;Solanum schlechtendalianum Walp.;Solanum;Solanaceae;318675
783;382;108;Solanum stramoniifolium Jacq.;Solanum;Solanaceae;318743
784;382;108;Solanum torvum Sw.;Solanum;Solanaceae;318807
785;382;108;Solanum velutinum Dunal;Solanum;Solanaceae;318869
786;383;109;Discophora guianensis Miers;Discophora;Stemonuraceae;319098
787;384;110;Styrax pallidus A.DC.;Styrax;Styracaceae;319391
788;385;111;Tectaria incisa Cav.;Tectaria;Tectariaceae;320058
789;385;111;Tectaria plantaginea (Jacq.) Maxon;Tectaria;Tectariaceae;320118
790;385;111;Tectaria trifoliata (L.) Cav.;Tectaria;Tectariaceae;320168
791;386;111;Triplophyllum funestum (Kunze) Holttum;Triplophyllum;Tectariaceae;320188
792;387;99;Desmoncus orthacanthos Mart.;Desmoncus;Arecaceae;32035
793;387;99;Desmoncus polyacanthos Mart.;Desmoncus;Arecaceae;32037
794;388;112;Thelypteris abrupta (Desv.) Proctor;Thelypteris;Thelypteridaceae;321160
795;388;112;Thelypteris decussata (L.) Proctor;Thelypteris;Thelypteridaceae;321261
796;388;112;Thelypteris glandulosa (Desv.) Proctor;Thelypteris;Thelypteridaceae;321303
797;388;112;Thelypteris serrata (Cav.) Alston;Thelypteris;Thelypteridaceae;321529
798;389;99;Euterpe oleracea Mart.;Euterpe;Arecaceae;32248
799;390;99;Geonoma baculifera (Poit.) Kunth;Geonoma;Arecaceae;32258
800;390;99;Geonoma deversa (Poit.) Kunth;Geonoma;Arecaceae;32272
801;391;113;Ampelocera edentula Kuhlm.;Ampelocera;Ulmaceae;322921
802;390;99;Geonoma maxima (Poit.) Kunth;Geonoma;Arecaceae;32293
803;392;114;Cecropia sciadophylla Mart.;Cecropia;Urticaceae;323153
804;390;99;Geonoma stricta (Poit.) Kunth;Geonoma;Arecaceae;32316
805;393;114;Coussapoa angustifolia Aubl.;Coussapoa;Urticaceae;323166
806;393;114;Coussapoa latifolia Aubl.;Coussapoa;Urticaceae;323189
807;394;114;Pilea imparifolia Wedd.;Pilea;Urticaceae;324133
808;395;99;Hyospathe elegans Mart.;Hyospathe;Arecaceae;32433
809;396;114;Pourouma bicolor Mart.;Pourouma;Urticaceae;324330
810;396;114;Pourouma guianensis Aubl.;Pourouma;Urticaceae;324340
811;396;114;Pourouma minor Benoist;Pourouma;Urticaceae;324344
812;396;114;Pourouma saulensis C.C. Berg & Kooy;Pourouma;Urticaceae;324353
813;396;114;Pourouma velutina Mart. ex Miq.;Pourouma;Urticaceae;324356
814;397;115;Duranta erecta L.;Duranta;Verbenaceae;325055
815;398;115;Lantana camara L.;Lantana;Verbenaceae;325220
816;399;115;Petrea bracteata Steud.;Petrea;Verbenaceae;325552
817;399;115;Petrea volubilis L.;Petrea;Verbenaceae;325562
818;400;115;Priva lappulacea (L.) Pers.;Priva;Verbenaceae;325605
819;401;115;Stachytarpheta cayennensis (Rich.) Vahl;Stachytarpheta;Verbenaceae;325648
820;401;115;Stachytarpheta jamaicensis (L.) Vahl;Stachytarpheta;Verbenaceae;325681
821;402;116;Paypayrola hulkiana Pulle;Paypayrola;Violaceae;326051
822;403;116;Rinorea amapensis Hekking;Rinorea;Violaceae;326060
823;403;116;Rinorea flavescens (Aubl.) Kuntze;Rinorea;Violaceae;326108
824;403;116;Rinorea guianensis Aubl.;Rinorea;Violaceae;326115
825;403;116;Rinorea pubiflora (Benth.) Sprague & Sandwith;Rinorea;Violaceae;326175
826;404;99;Mauritia flexuosa L.f.;Mauritia;Arecaceae;32768
827;405;117;Vochysia guianensis Aubl.;Vochysia;Vochysiaceae;327875
828;406;118;Alpinia galanga (L.) Willd.;Alpinia;Zingiberaceae;330070
829;407;118;Curcuma longa L.;Curcuma;Zingiberaceae;330590
830;408;118;Etlingera elatior (Jack) R.M.Sm.;Etlingera;Zingiberaceae;330705
831;409;118;Renealmia floribunda K.Schum.;Renealmia;Zingiberaceae;331212
832;409;118;Renealmia orinocensis Rusby;Renealmia;Zingiberaceae;331234
833;410;99;Socratea exorrhiza (Mart.) H.Wendl.;Socratea;Arecaceae;33309
834;411;99;Syagrus inajai (Spruce) Becc.;Syagrus;Arecaceae;33348
835;412;119;Aristolochia iquitensis O.C.Schmidt;Aristolochia;Aristolochiaceae;33693
836;413;58;Ruellia rubra Aubl.;Ruellia;Acanthaceae;3454
837;413;58;Ruellia tuberosa L.;Ruellia;Acanthaceae;3491
838;414;120;Asplenium abscissum Willd.;Asplenium;Aspleniaceae;37194
839;415;58;Asystasia gangetica (L.) T.Anderson;Asystasia;Acanthaceae;373
840;414;120;Asplenium hostmannii Hieron.;Asplenium;Aspleniaceae;37371
841;414;120;Asplenium juglandifolium Lam.;Asplenium;Aspleniaceae;37382
842;414;120;Asplenium rutaceum (Willd.) Mett.;Asplenium;Aspleniaceae;37525
843;414;120;Asplenium serratum L.;Asplenium;Aspleniaceae;37545
844;416;121;Diplazium cristatum (Desr.) Alston;Diplazium;Athyriaceae;38247
845;416;121;Diplazium expansum Willd.;Diplazium;Athyriaceae;38260
846;416;121;Diplazium grandifolium (Sw.) Sw.;Diplazium;Athyriaceae;38272
847;417;122;Helosis cayennensis (Sw.) Spreng.;Helosis;Balanophoraceae;38515
848;418;123;Begonia glabra Aubl.;Begonia;Begoniaceae;39604
849;419;124;Adenocalymma moringifolium (DC.) L.G.Lohmann;Adenocalymma;Bignoniaceae;41751
850;419;124;Adenocalymma neoflavidum L.G.Lohmann;Adenocalymma;Bignoniaceae;41752
851;419;124;Adenocalymma racemosum (A.H.Gentry) L.G.Lohmann;Adenocalymma;Bignoniaceae;41764
852;420;124;Amphilophium elongatum (Vahl) L.G.Lohmann;Amphilophium;Bignoniaceae;41801
853;420;124;Amphilophium magnoliifolium (Kunth) L.G.Lohmann;Amphilophium;Bignoniaceae;41810
854;421;124;Bignonia aequinoctialis L.;Bignonia;Bignoniaceae;41913
855;421;124;Bignonia corymbosa (Vent.) L.G.Lohmann;Bignonia;Bignoniaceae;41921
856;422;124;Callichlamys latifolia (Rich.) K. Schum.;Callichlamys;Bignoniaceae;41941
857;423;124;Crescentia cujete L.;Crescentia;Bignoniaceae;41992
858;424;124;Cuspidaria inaequalis (DC. ex Splitg.) L.G.Lohmann;Cuspidaria;Bignoniaceae;42003
859;425;124;Dolichandra unguis-cati (L.) L.G.Lohmann;Dolichandra;Bignoniaceae;42046
860;426;124;Fridericia candicans (Rich.) L.G.Lohmann;Fridericia;Bignoniaceae;42087
861;426;124;Fridericia oligantha (Bureau & K.Schum.) L.G.Lohmann;Fridericia;Bignoniaceae;42122
862;427;124;Handroanthus serratifolius (Vahl) S.O.Grose;Handroanthus;Bignoniaceae;42180
863;428;124;Jacaranda copaia (Aubl.) D.Don;Jacaranda;Bignoniaceae;42220
864;429;124;Kigelia africana (Lam.) Benth.;Kigelia;Bignoniaceae;42258
865;430;124;Lundia corymbifera (Vahl) Sandwith;Lundia;Bignoniaceae;42264
866;431;124;Mansoa alliacea (Lam.) A.H.Gentry;Mansoa;Bignoniaceae;42278
867;431;124;Mansoa standleyi (Steyerm.) A.H.Gentry;Mansoa;Bignoniaceae;42289
868;432;124;Tabebuia insignis (Miq.) Sandwith;Tabebuia;Bignoniaceae;42532
869;433;124;Tanaecium pyramidatum (Rich.) L.G.Lohmann;Tanaecium;Bignoniaceae;42586
870;434;124;Tecoma capensis (Thunb.) Lindl.;Tecoma;Bignoniaceae;42594
871;435;125;Bixa orellana L.;Bixa;Bixaceae;42649
872;436;125;Cochlospermum orinocense (Kunth) Steud.;Cochlospermum;Bixaceae;42658
873;437;126;Blechnum serrulatum Rich.;Blechnum;Blechnaceae;42799
874;438;127;Lindackeria paludosa (Benth.) Gilg;Lindackeria;Achariaceae;4283
875;439;127;Mayna odorata Aubl.;Mayna;Achariaceae;4291
876;440;128;Cordia nodosa Lam.;Cordia;Boraginaceae;43548
877;441;129;Aechmea aquilega (Salisb.) Griseb.;Aechmea;Bromeliaceae;50269
878;441;129;Aechmea mertensii (G.Mey.) Schult. & Schult.f.;Aechmea;Bromeliaceae;50420
879;442;129;Araeococcus micranthus Brongn.;Araeococcus;Bromeliaceae;50551
880;443;129;Billbergia violacea Beer;Billbergia;Bromeliaceae;50622
881;444;129;Guzmania lingulata (L.) Mez;Guzmania;Bromeliaceae;51237
882;445;129;Tillandsia bulbosa Hook.;Tillandsia;Bromeliaceae;52657
883;445;129;Tillandsia monadelpha (E.Morren) Baker;Tillandsia;Bromeliaceae;52973
884;446;130;Burmannia bicolor Mart.;Burmannia;Burmanniaceae;53804
885;447;131;Protium apiculatum Swart;Protium;Burseraceae;54503
886;447;131;Protium decandrum (Aubl.) Marchand;Protium;Burseraceae;54525
887;447;131;Protium heptaphyllum (Aubl.) Marchand;Protium;Burseraceae;54543
888;447;131;Protium opacum Swart;Protium;Burseraceae;54566
889;447;131;Protium polybotryum (Turcz.) Engl.;Protium;Burseraceae;54580
890;447;131;Protium sagotianum Marchand;Protium;Burseraceae;54590
891;447;131;Protium subserratum (Engl.) Engl.;Protium;Burseraceae;54594
892;447;131;Protium tenuifolium (Engl.) Engl.;Protium;Burseraceae;54595
893;447;131;Protium trifoliolatum Engl.;Protium;Burseraceae;54597
894;448;131;Tetragastris altissima (Aubl.) Swart;Tetragastris;Burseraceae;54608
895;448;131;Tetragastris panamensis (Engl.) Kuntze;Tetragastris;Burseraceae;54615
896;449;132;Cabomba aquatica Aubl.;Cabomba;Cabombaceae;54777
897;450;133;Epiphyllum phyllanthus (L.) Haw.;Epiphyllum;Cactaceae;55477
898;451;133;Rhipsalis baccifera (J.S.Muell.) Stearn;Rhipsalis;Cactaceae;56868
899;452;134;Caraipa densifolia Mart.;Caraipa;Calophyllaceae;57485
900;453;134;Mahurea palustris Aubl.;Mahurea;Calophyllaceae;57572
901;454;134;Mammea americana L.;Mammea;Calophyllaceae;57575
902;455;135;Centropogon cornutus (L.) Druce;Centropogon;Campanulaceae;58398
903;456;136;Cinnamodendron tenuifolium Uittien;Cinnamodendron;Canellaceae;60188
904;457;137;Trema micrantha (L.) Blume;Trema;Cannabaceae;60309
905;458;138;Canna indica L.;Canna;Cannaceae;60320
906;459;139;Crateva tapia L.;Crateva;Capparaceae;60646
907;460;139;Cynophalla polyantha (Triana & Planch.) Cornejo & Iltis;Cynophalla;Capparaceae;60659
908;461;140;Dendrobangia boliviana Rusby;Dendrobangia;Cardiopteridaceae;61750
909;462;141;Carica papaya L.;Carica;Caricaceae;61792
910;463;142;Caryocar glabrum (Aubl.) Pers.;Caryocar;Caryocaraceae;61859
911;463;142;Caryocar microcarpum Ducke;Caryocar;Caryocaraceae;61862
912;463;142;Caryocar nuciferum L.;Caryocar;Caryocaraceae;61864
913;463;142;Caryocar villosum (Aubl.) Pers.;Caryocar;Caryocaraceae;61866
914;464;58;Barleria repens Nees;Barleria;Acanthaceae;620
915;465;143;Cheiloclinium cognatum (Miers) A.C.Sm.;Cheiloclinium;Celastraceae;64672
916;466;143;Maytenus oblongata Reissek;Maytenus;Celastraceae;65211
917;467;144;Acioa guianensis Aubl.;Acioa;Chrysobalanaceae;65910
918;468;144;Chrysobalanus icaco L.;Chrysobalanus;Chrysobalanaceae;65928
919;469;144;Couepia bracteosa Benth.;Couepia;Chrysobalanaceae;65935
920;469;144;Couepia caryophylloides Benoist;Couepia;Chrysobalanaceae;65939
921;469;144;Couepia excelsa Ducke;Couepia;Chrysobalanaceae;65949
922;469;144;Couepia guianensis Aubl.;Couepia;Chrysobalanaceae;65955
923;469;144;Couepia joaquinae Prance;Couepia;Chrysobalanaceae;65960
924;469;144;Couepia parillo DC.;Couepia;Chrysobalanaceae;65979
925;470;144;Exellodendron barbatum (Ducke) Prance;Exellodendron;Chrysobalanaceae;66033
926;471;144;Hirtella bicornis Mart. & Zucc.;Hirtella;Chrysobalanaceae;66056
927;471;144;Hirtella davisii Sandwith;Hirtella;Chrysobalanaceae;66070
928;471;144;Hirtella glandulosa Spreng.;Hirtella;Chrysobalanaceae;66083
929;471;144;Hirtella hispidula Miq.;Hirtella;Chrysobalanaceae;66090
930;471;144;Hirtella margae Prance;Hirtella;Chrysobalanaceae;66108
931;471;144;Hirtella paniculata Sw.;Hirtella;Chrysobalanaceae;66115
932;471;144;Hirtella physophora Mart. & Zucc.;Hirtella;Chrysobalanaceae;66121
933;471;144;Hirtella racemosa Lam.;Hirtella;Chrysobalanaceae;66126
934;471;144;Hirtella tenuifolia Prance;Hirtella;Chrysobalanaceae;66143
935;472;144;Licania alba (Bernoulli) Cuatrec.;Licania;Chrysobalanaceae;66171
936;472;144;Licania amapaensis Prance;Licania;Chrysobalanaceae;66173
937;472;144;Licania canescens Benoist;Licania;Chrysobalanaceae;66197
938;472;144;Licania granvillei Prance;Licania;Chrysobalanaceae;66251
939;472;144;Licania guianensis (Aubl.) Griseb.;Licania;Chrysobalanaceae;66253
940;472;144;Licania heteromorpha Benth.;Licania;Chrysobalanaceae;66257
941;472;144;Licania kunthiana Hook.f.;Licania;Chrysobalanaceae;66277
942;472;144;Licania latistipula Prance;Licania;Chrysobalanaceae;66284
943;472;144;Licania leptostachya Benth.;Licania;Chrysobalanaceae;66286
944;472;144;Licania majuscula Sagot;Licania;Chrysobalanaceae;66297
945;472;144;Licania membranacea Sagot ex Laness.;Licania;Chrysobalanaceae;66303
946;472;144;Licania micrantha Miq.;Licania;Chrysobalanaceae;66306
947;472;144;Licania minutiflora (Sagot) Fritsch;Licania;Chrysobalanaceae;66310
948;473;144;Parinari campestris Aubl.;Parinari;Chrysobalanaceae;66426
949;473;144;Parinari excelsa Sabine;Parinari;Chrysobalanaceae;66436
950;474;145;Cleome rutidosperma DC.;Cleome;Cleomaceae;66853
951;475;146;Calophyllum brasiliense Cambess.;Calophyllum;Clusiaceae;67084
952;476;146;Clusia flavida (Benth.) Pipoly;Clusia;Clusiaceae;67371
953;476;146;Clusia fockeana Miq.;Clusia;Clusiaceae;67374
954;476;146;Clusia grandiflora Splitg.;Clusia;Clusiaceae;67386
955;476;146;Clusia nemorosa G.Mey.;Clusia;Clusiaceae;67457
956;476;146;Clusia panapanari (Aubl.) Choisy;Clusia;Clusiaceae;67482
957;476;146;Clusia purpurea (Splitg.) Engl.;Clusia;Clusiaceae;67517
958;476;146;Clusia scrobiculata Benoist;Clusia;Clusiaceae;67539
959;477;146;Garcinia benthamiana (Planch. & Triana) Pipoly;Garcinia;Clusiaceae;67619
960;477;146;Garcinia macrophylla Mart.;Garcinia;Clusiaceae;67784
961;477;146;Garcinia madruno (Kunth) Hammel;Garcinia;Clusiaceae;67786
962;478;146;Moronobea coccinea Aubl.;Moronobea;Clusiaceae;67990
963;479;146;Platonia insignis Mart.;Platonia;Clusiaceae;68010
964;480;146;Symphonia globulifera L.f.;Symphonia;Clusiaceae;68035
965;481;146;Tovomita longifolia (Rich.) Hochr.;Tovomita;Clusiaceae;68084
966;481;146;Tovomita schomburgkii Planch. & Triana;Tovomita;Clusiaceae;68097
967;481;146;Tovomita umbellata Benth.;Tovomita;Clusiaceae;68104
968;482;147;Sesuvium portulacastrum (L.) L.;Sesuvium;Aizoaceae;6834
969;483;148;Combretum indicum (L.) DeFilipps;Combretum;Combretaceae;68607
970;483;148;Combretum rotundifolium Rich.;Combretum;Combretaceae;68717
971;484;148;Conocarpus erectus L.;Conocarpus;Combretaceae;68769
972;485;148;Terminalia amazonia (J.F.Gmel.) Exell;Terminalia;Combretaceae;68821
973;486;149;Commelina erecta L.;Commelina;Commelinaceae;69125
974;486;149;Commelina rufipes Seub.;Commelina;Commelinaceae;69226
975;487;149;Dichorisandra hexandra (Aubl.) Standl.;Dichorisandra;Commelinaceae;69344
976;488;149;Floscopa peruviana Hassk. ex C.B.Clarke;Floscopa;Commelinaceae;69391
977;489;0;Ayapana amygdalina (Lam.) R.M.King & H.Rob.;Ayapana;Compositae;72999
978;490;0;Bidens cynapiifolia Kunth;Bidens;Compositae;73884
979;491;0;Centratherum punctatum Cass.;Centratherum;Compositae;76188
980;492;150;Alternanthera brasiliana (L.) Kuntze;Alternanthera;Amaranthaceae;7660
981;493;0;Chromolaena odorata (L.) R.M.King & H.Rob.;Chromolaena;Compositae;76694
982;494;0;Clibadium surinamense L.;Clibadium;Compositae;77596
983;492;150;Alternanthera sessilis (L.) R.Br. ex DC.;Alternanthera;Amaranthaceae;7767
984;495;0;Cyanthillium cinereum (L.) H.Rob.;Cyanthillium;Compositae;79435
985;496;0;Eclipta prostrata (L.) L.;Eclipta;Compositae;80596
986;497;0;Elephantopus mollis Kunth;Elephantopus;Compositae;80672
987;498;0;Emilia fosbergii Nicolson;Emilia;Compositae;80735
988;499;0;Erechtites hieraciifolius (L.) Raf. ex DC.;Erechtites;Compositae;80894
989;500;150;Cyathula prostrata (L.) Blume;Cyathula;Amaranthaceae;8656
990;501;0;Ichthyothere terminalis (Spreng.) S.F.Blake;Ichthyothere;Compositae;87237
991;502;0;Mikania micrantha Kunth;Mikania;Compositae;90626
992;503;0;Piptocarpha triflora (Aubl.) Benn. ex Baker;Piptocarpha;Compositae;93740
993;504;0;Rolandra fruticosa (L.) Kuntze;Rolandra;Compositae;95163
994;505;0;Sphagneticola trilobata (L.) Pruski;Sphagneticola;Compositae;98464
995;506;0;Struchium sparganophorum (L.) Kuntze;Struchium;Compositae;99040
996;507;0;Synedrella nodiflora (L.) Gaertn.;Synedrella;Compositae;99232
